{
  "balance": 116.36099974074871,
  "allTimeTrades": 46,
  "allTimePnL": 16.360999740748742
}